,SRR13711353_PE,SRR13711353_SE,SRR13711353-SRR13711354_SE,SRR13711353-SRR13711354-SRR13711355_SE,SRR13711353-SRR13711354-SRR13711355-SRR13711356_SE,SRR13711353-SRR13711354-SRR13711355-SRR13711356-SRR13711357_SE,SRR13711353-SRR13711354_PE,SRR13711353-SRR13711354-SRR13711355_PE,SRR13711353-SRR13711354-SRR13711355-SRR13711356_PE,SRR13711353-SRR13711354-SRR13711355-SRR13711356-SRR13711357_PE,SRR12077404_PE,SRR12077404_SE,SRR12077404-SRR12077405_SE,SRR12077404-SRR12077405-SRR12077406_SE,SRR12077404-SRR12077405-SRR12077406-SRR12077407_SE,SRR12077404-SRR12077405-SRR12077406-SRR12077407-SRR12077408_SE,SRR12077404-SRR12077405_PE,SRR12077404-SRR12077405-SRR12077406_PE,SRR12077404-SRR12077405-SRR12077406-SRR12077407_PE,SRR12077404-SRR12077405-SRR12077406-SRR12077407-SRR12077408_PE
sample_id,SRR13711353,SRR13711353,SRR13711353-SRR13711354,SRR13711353-SRR13711354-SRR13711355,SRR13711353-SRR13711354-SRR13711355-SRR13711356,SRR13711353-SRR13711354-SRR13711355-SRR13711356-SRR13711357,SRR13711353-SRR13711354,SRR13711353-SRR13711354-SRR13711355,SRR13711353-SRR13711354-SRR13711355-SRR13711356,SRR13711353-SRR13711354-SRR13711355-SRR13711356-SRR13711357,SRR12077404,SRR12077404,SRR12077404-SRR12077405,SRR12077404-SRR12077405-SRR12077406,SRR12077404-SRR12077405-SRR12077406-SRR12077407,SRR12077404-SRR12077405-SRR12077406-SRR12077407-SRR12077408,SRR12077404-SRR12077405,SRR12077404-SRR12077405-SRR12077406,SRR12077404-SRR12077405-SRR12077406-SRR12077407,SRR12077404-SRR12077405-SRR12077406-SRR12077407-SRR12077408
rna_dna,RNA-Seq,RNA-Seq,RNA-Seq,RNA-Seq,RNA-Seq,RNA-Seq,RNA-Seq,RNA-Seq,RNA-Seq,RNA-Seq,DNA-Seq,DNA-Seq,DNA-Seq,DNA-Seq,DNA-Seq,DNA-Seq,DNA-Seq,DNA-Seq,DNA-Seq,DNA-Seq
layout,PE,SE,SE,SE,SE,SE,PE,PE,PE,PE,PE,SE,SE,SE,SE,SE,PE,PE,PE,PE
num_reads,,,,,,,,,,,,,,,,,,,,
s_sam,9663,9763,20519,30944,40054,52555,20307,30628,39633,51976,24719,23842,45136,68692,88769,122209,46797,71242,92124,126865
s_bam,1376,1205,2453,3656,4738,6165,2814,4196,5442,7096,2293,2040,3707,5573,7159,9933,4206,6353,8178,11360
s_cram,734,609,1251,1875,2441,3186,1519,2283,2973,3893,873,764,1411,2136,2751,3892,1632,2499,3222,4555
t_bam,115,112,230,406,594,1045,339,616,857,1118,486,456,868,1284,1605,2141,855,1241,1613,2075
t_cram,85,87,179,270,343,445,176,266,342,459,202,177,331,512,658,911,368,550,720,1003
m_bam,6044,6036,6048,6084,6064,6068,6048,6056,6060,6068,6024,6032,6024,6032,6036,6044,6032,6036,6040,6044
m_cram,74204,72808,72876,73376,72780,73448,72968,73876,73304,73520,74288,72752,73888,72960,73008,73140,73224,72148,72548,72788
s_compress_abridge_save_all_quality_scores_save_exact_quality_scores_br,809,672,1377,2066,2686,3495,1663,2484,3232,4209,1030,901,1678,2538,3259,4581,1908,2889,3722,5236
s_compress_abridge_save_all_quality_scores_save_exact_quality_scores_7z,665,568,1165,1751,2278,2966,1366,2043,2662,3464,857,736,1372,2085,2670,3730,1600,2430,3140,4373
s_compress_abridge_save_all_quality_scores_save_exact_quality_scores_zpaq,598,492,1003,1504,1957,2544,1229,1834,2388,3109,752,600,1098,1646,2109,2953,1402,2127,2742,3847
t_compress_abridge_save_all_quality_scores_save_exact_quality_scores_br,1327,878,1735,2590,3770,5956,3214,5046,6755,10048,2587,1491,3109,4771,6572,8888,4413,6231,8583,11533
t_compress_abridge_save_all_quality_scores_save_exact_quality_scores_7z,3340,3500,817,1192,1425,2416,1531,2408,3023,4504,1690,1211,1503,2436,3040,4376,2483,3534,4520,5666
t_compress_abridge_save_all_quality_scores_save_exact_quality_scores_zpaq,334,255,570,988,1309,1565,899,1901,2679,3267,1007,499,1156,1943,2554,3800,1520,2331,4092,6194
m_compress_abridge_save_all_quality_scores_save_exact_quality_scores_br,2211964,2310104,12360464,70923824,23328016,14908028,8048724,81352192,100591972,43071104,992724,1008632,1245544,1530908,1781060,2180308,1218628,1497180,1755064,2129068
m_compress_abridge_save_all_quality_scores_save_exact_quality_scores_7z,11595356,2274196,25012852,45500480,95033700,54749356,21500588,81351984,28809796,121754568,28140316,28104508,28201064,28299628,28357836,28475700,28391116,28591316,28752864,29020644
m_compress_abridge_save_all_quality_scores_save_exact_quality_scores_zpaq,10826992,10717212,15853704,86723036,23708888,31898832,17694864,81351176,23011492,34530364,17610436,16841648,16913320,16945456,17336276,17815120,17112824,17554748,17560844,18122700
s_compress_abridge_save_all_quality_scores_save_approx_quality_scores_br,381,177,354,509,665,864,779,1130,1479,1932,472,273,501,749,948,1415,868,1311,1681,2441
s_compress_abridge_save_all_quality_scores_save_approx_quality_scores_7z,303,149,295,427,557,724,617,896,1173,1529,397,216,394,599,750,1094,735,1111,1427,2026
s_compress_abridge_save_all_quality_scores_save_approx_quality_scores_zpaq,286,132,262,379,496,644,583,845,1106,1443,383,210,379,562,709,1043,709,1069,1371,1970
t_compress_abridge_save_all_quality_scores_save_approx_quality_scores_br,626,334,710,1094,1470,2818,1847,2963,4183,6783,2066,751,1703,2563,3566,5694,3628,4704,6345,10091
t_compress_abridge_save_all_quality_scores_save_approx_quality_scores_7z,404,321,549,814,1048,2018,1080,2184,2419,3879,1276,867,1199,2111,2856,4021,2381,3518,4607,7214
t_compress_abridge_save_all_quality_scores_save_approx_quality_scores_zpaq,310,222,504,885,1207,1390,797,1855,2371,3879,1019,473,1105,1898,2568,3638,1457,3117,4104,6204
m_compress_abridge_save_all_quality_scores_save_approx_quality_scores_br,2211960,2274200,12360080,65372304,50383080,40245984,8050316,7971116,8775136,62510616,1001544,1008104,1245816,1530412,1782636,2178656,1220512,1498916,1751876,2130936
m_compress_abridge_save_all_quality_scores_save_approx_quality_scores_7z,7017684,3420312,12360688,86721136,38390524,41545528,13715548,81350876,270929608,27196560,7141940,5201600,8880124,13144660,12572020,15260676,12676940,13726476,14847296,20275860
m_compress_abridge_save_all_quality_scores_save_approx_quality_scores_zpaq,8788600,4437432,12363156,86719460,20073516,49763708,10945876,61735192,87120712,86271016,9553616,7051812,10585024,12350828,11926668,14577764,12043068,14155656,16320316,18140284
s_compress_abridge_ignore_quality_scores_br,340,133,265,378,495,643,696,1008,1322,1730,391,239,439,657,829,1255,726,1103,1419,2088
s_compress_abridge_ignore_quality_scores_7z,264,107,212,305,399,518,539,781,1026,1341,323,185,340,519,647,954,608,925,1194,1709
s_compress_abridge_ignore_quality_scores_zpaq,250,93,185,265,347,452,511,739,970,1269,314,178,322,476,600,895,589,894,1151,1672
t_compress_abridge_ignore_quality_scores_br,607,312,658,1010,2077,3113,2052,3333,4388,5913,1567,1010,2246,3502,4497,6776,3476,5494,6084,7227
t_compress_abridge_ignore_quality_scores_7z,438,321,551,813,1337,2193,1271,2055,2804,3030,1227,1126,1579,2877,3681,5041,2825,4307,5483,8706
t_compress_abridge_ignore_quality_scores_zpaq,388,309,717,1249,1588,1673,966,2133,2198,3316,1124,971,1298,2890,3721,4526,2701,2901,3697,7302
m_compress_abridge_ignore_quality_scores_br,2213916,2274172,12360712,45564848,92301096,14574764,8049636,81350704,12453448,15030944,1000872,1006060,1245928,1530420,1780936,2177968,1220496,1499220,1752280,2128320
m_compress_abridge_ignore_quality_scores_7z,6397032,2686564,12363764,86723496,56311680,13334740,13269400,31469236,36975412,42242260,6267408,4484600,8056540,12253552,11538664,15162400,11603252,11831332,14742120,20155564
m_compress_abridge_ignore_quality_scores_zpaq,8954936,3976112,12360204,82429464,24422524,23307968,10992016,81349216,15483164,19136096,8998268,6433264,9359024,10852872,11824456,14276712,10497020,12802228,14865980,17021884
s_compress_abridge_ignore_soft_clippings_ignore_mismatches_ignore_quality_scores_br,315,105,206,293,386,503,643,929,1220,1599,326,177,327,496,628,986,609,928,1194,1774
s_compress_abridge_ignore_soft_clippings_ignore_mismatches_ignore_quality_scores_7z,243,82,163,229,301,397,495,712,934,1225,265,134,251,380,484,720,503,769,996,1438
s_compress_abridge_ignore_soft_clippings_ignore_mismatches_ignore_quality_scores_zpaq,234,73,146,206,272,356,477,687,900,1180,266,132,242,365,460,708,500,761,979,1438
t_compress_abridge_ignore_soft_clippings_ignore_mismatches_ignore_quality_scores_br,557,256,534,793,1358,1977,2143,2679,4108,5914,1347,829,1621,2332,3672,5442,2692,5139,5945,7646
t_compress_abridge_ignore_soft_clippings_ignore_mismatches_ignore_quality_scores_7z,420,302,499,696,1454,1553,1275,1982,2607,3898,1574,1051,1473,1948,2940,4473,1714,3700,4620,5763
t_compress_abridge_ignore_soft_clippings_ignore_mismatches_ignore_quality_scores_zpaq,381,261,607,1076,1375,1393,888,1999,1993,3049,1273,592,1134,2462,3204,3557,2458,2512,3170,6082
m_compress_abridge_ignore_soft_clippings_ignore_mismatches_ignore_quality_scores_br,2209292,2268068,12346212,60993044,44552516,49964984,8045980,38083104,29255648,13370128,1001252,1006500,1244444,1535768,1782244,2182168,1220048,1498132,1751396,2127840
m_compress_abridge_ignore_soft_clippings_ignore_mismatches_ignore_quality_scores_7z,6177512,2541576,12347676,86409180,115856500,38933548,12440628,15545560,51638440,27057152,5408596,4166016,7027792,10507940,12922336,11706840,9928044,9832140,11933360,16429916
m_compress_abridge_ignore_soft_clippings_ignore_mismatches_ignore_quality_scores_zpaq,8693736,3323344,12345628,82548156,25023080,15749188,11916852,68339352,13920196,17225096,7733388,5580032,8972000,10840528,11670612,12210620,10366496,12322064,14021076,15786872
s_compress_abridge_ignore_soft_clippings_ignore_mismatches_ignore_quality_scores_ignore_unmapped_reads_br,83,28,55,76,96,120,171,252,323,417,250,128,237,357,450,602,465,705,906,1237
s_compress_abridge_ignore_soft_clippings_ignore_mismatches_ignore_quality_scores_ignore_unmapped_reads_7z,69,22,45,57,72,94,142,203,259,334,207,96,181,271,344,460,393,598,774,1060
s_compress_abridge_ignore_soft_clippings_ignore_mismatches_ignore_quality_scores_ignore_unmapped_reads_zpaq,73,20,39,53,68,86,149,217,277,360,213,97,178,267,335,447,402,609,781,1072
t_compress_abridge_ignore_soft_clippings_ignore_mismatches_ignore_quality_scores_ignore_unmapped_reads_br,316,176,377,569,1357,1730,1095,2328,3017,4146,1445,757,1653,1774,3435,4717,2431,4723,5630,6907
t_compress_abridge_ignore_soft_clippings_ignore_mismatches_ignore_quality_scores_ignore_unmapped_reads_7z,404,229,466,639,1414,1694,1106,2074,2415,3704,1176,745,1447,2715,2921,3990,2402,3686,4170,6496
t_compress_abridge_ignore_soft_clippings_ignore_mismatches_ignore_quality_scores_ignore_unmapped_reads_zpaq,340,261,578,1019,1313,1309,796,1827,2565,3779,741,550,1509,2378,3117,4131,2434,2477,4328,4781
m_compress_abridge_ignore_soft_clippings_ignore_mismatches_ignore_quality_scores_ignore_unmapped_reads_br,2211336,2270096,12345528,86703580,195327640,233758628,8046524,81351580,174537972,30146256,1001224,1006740,1244456,1533716,1782288,2180796,1220044,1496120,1749748,2127660
m_compress_abridge_ignore_soft_clippings_ignore_mismatches_ignore_quality_scores_ignore_unmapped_reads_7z,2211288,2270096,12345660,65796000,66090028,181143852,8051060,56937776,8194760,14220400,3611748,2874368,5200436,7142160,8922328,11637564,6397988,9805180,11953296,16369832
m_compress_abridge_ignore_soft_clippings_ignore_mismatches_ignore_quality_scores_ignore_unmapped_reads_zpaq,2211332,2268052,12349584,86705896,19566284,8723828,3859012,6519240,22713044,65977828,5172836,4068700,7145148,9951644,11553436,11728948,9256612,11262128,11764628,13435380
s_compress_deez_lossy_0_mode_1,747,669,1359,2032,2681,3508,1542,2316,3021,3960,845,841,1571,2395,3092,4405,1587,2428,3149,4500
s_compress_deez_lossy_0_mode_2,779,702,1429,2138,2818,3687,1612,2421,3157,4138,873,868,1621,2471,3190,4540,1638,2506,3250,4639
s_compress_deez_lossy_50_mode_1,747,669,1359,2032,2681,3508,1542,2316,3021,3960,845,841,1571,2395,3092,4405,1587,2428,3149,4500
s_compress_deez_lossy_50_mode_2,779,702,1429,2138,2818,3687,1612,2421,3157,4138,873,868,1621,2471,3190,4540,1638,2506,3250,4639
s_compress_deez_lossy_99_mode_1,542,463,937,1394,1851,2425,1124,1683,2197,2886,845,841,1571,2395,3092,4405,1587,2428,3149,4500
s_compress_deez_lossy_99_mode_2,564,486,985,1465,1943,2546,1171,1754,2289,3006,873,868,1621,2471,3190,4540,1638,2506,3250,4639
t_compress_deez_lossy_0_mode_1,272,288,539,809,1117,1454,526,815,1056,1377,510,540,1045,1625,2160,3141,974,1516,2266,3182
t_compress_deez_lossy_0_mode_2,258,270,500,753,1045,1372,488,768,993,1295,482,507,981,1500,2015,2936,929,1431,2110,2979
t_compress_deez_lossy_50_mode_1,275,289,545,823,1136,1475,524,823,1059,1395,517,545,1032,1586,2152,3285,981,1525,2271,3249
t_compress_deez_lossy_50_mode_2,260,274,504,759,1078,1382,492,773,1002,1292,485,514,980,1547,2033,3250,938,1437,2150,3038
t_compress_deez_lossy_99_mode_1,263,280,521,775,1075,1420,501,777,1028,1338,510,546,1039,1652,2153,3817,998,1538,2244,3223
t_compress_deez_lossy_99_mode_2,253,263,492,734,1016,1345,481,748,959,1250,481,517,969,1457,2042,2799,934,1505,2120,3151
m_compress_deez_lossy_0_mode_1,2733964,2748084,2734952,2729768,2800228,2757784,2719760,2787992,2767848,2758660,2340228,2342628,2311528,2308344,2378592,2419988,2351336,2389680,2366820,2520468
m_compress_deez_lossy_0_mode_2,2258996,2286932,2306288,2305452,2369808,2380396,2290636,2347228,2340012,2329696,1862996,1941340,1925916,1910144,1951168,2007700,1921516,1866244,1918560,2065836
m_compress_deez_lossy_50_mode_1,2734532,2748140,2736860,2728548,2785424,2779536,2717444,2791488,2766820,2758700,2340624,2342668,2313120,2307868,2381660,2417768,2351860,2388384,2368056,2522104
m_compress_deez_lossy_50_mode_2,2261708,2286540,2307980,2303844,2362380,2339592,2292492,2347604,2337056,2330228,1861748,1941496,1928008,1905772,1950496,2005628,1921264,1867304,1918472,2066948
m_compress_deez_lossy_99_mode_1,2721628,2730944,2689056,2722840,2787228,2750040,2707672,2755880,2780084,2742700,2340268,2342668,2312628,2306980,2380796,2419296,2353804,2387604,2368376,2520664
m_compress_deez_lossy_99_mode_2,2248896,2305864,2308204,2283780,2344300,2360972,2260404,2341108,2348736,2317468,1863424,1940776,1925972,1911896,1951200,2011156,1921756,1866580,1918252,2065116
s_compress_samcomp,653,615,1227,1817,2349,3045,1309,1928,2497,3239,963,947,1585,2280,2863,3926,1619,2332,2932,4023
t_compress_samcomp,148,149,300,451,583,762,297,446,577,755,313,319,608,884,1210,1697,584,961,1220,1758
m_compress_samcomp,443388,443312,445216,443828,443424,444336,444728,444772,445272,444108,443876,445204,445104,443540,443284,443288,445148,444160,443284,443280
s_compress_genozip_optimize__compression_best,648,600,1269,1933,2504,3262,1338,1999,2602,3387,910,774,1476,2310,2975,4181,1687,2557,3295,4611
s_compress_genozip_optimize__compression_fast,677,637,1334,2014,2704,3506,1396,2150,2697,3639,972,814,1546,2466,3059,4420,1731,2753,3408,4952
s_compress_genozip_optimize_optimize_compression_best,648,600,1269,1924,2504,3262,1338,1999,2602,3387,910,774,1476,2310,2975,4145,1687,2558,3295,4611
s_compress_genozip_optimize_optimize_compression_fast,676,635,1331,2085,2621,3405,1401,2140,2701,3637,949,848,1545,2357,3060,4279,1818,2679,3428,4783
t_compress_genozip_optimize__compression_best,831,923,1279,1639,3844,5023,1224,1641,2398,3095,3334,1916,3706,4718,5954,8148,6156,5565,6012,8228
t_compress_genozip_optimize__compression_fast,673,471,1543,1611,3043,4011,1059,1307,3130,2522,1289,879,1819,2324,3360,3772,2571,2279,3260,3853
t_compress_genozip_optimize_optimize_compression_best,592,640,1149,2915,2544,2795,1937,1844,3756,3277,3259,1920,3554,5615,6011,7994,3641,5255,6164,8202
t_compress_genozip_optimize_optimize_compression_fast,480,476,1592,2333,2091,2803,1003,1585,2097,2653,820,1253,1814,2427,3340,3876,1488,3822,5084,4349
m_compress_genozip_optimize__compression_best,1389372,1952448,3751776,4152300,4017236,4151896,1577384,2372188,2005356,2133716,1879124,3854928,5100792,6280860,6431852,7020852,2720836,3760784,3989440,5041996
m_compress_genozip_optimize__compression_fast,920728,1850052,2928204,3588868,3624016,3820020,1161992,1438996,1577872,1890028,1778536,2627920,4820480,5268428,5272836,6920956,2360788,3188460,4101852,4567416
m_compress_genozip_optimize_optimize_compression_best,1331024,2018704,3809676,3989900,4028032,4367956,1705136,2172932,1957312,2178420,1989844,3809772,5148956,5251968,6422612,7027768,2735168,3687216,3976152,5060580
m_compress_genozip_optimize_optimize_compression_fast,877200,1826128,2928100,3537900,3698356,3917784,1133116,1290412,1578640,1987568,1799616,2572500,4811496,5271744,5269420,6915656,2423648,3161520,3994912,4513332
s_compress_csam_q_0_m_0,984,1027,2109,3180,4125,5393,2023,3051,3953,5156,1639,1474,2709,4092,5277,7268,3020,4566,5886,8101
s_compress_csam_q_0_m_1,984,1027,2109,3180,4125,5393,2023,3051,3953,5156,1639,1474,2709,4092,5277,7268,3020,4566,5886,8101
s_compress_csam_q_0_m_2,984,1027,2109,3180,4125,5393,2023,3051,3953,5156,1639,1474,2709,4092,5277,7268,3020,4566,5886,8101
s_compress_csam_q_1_m_0,1591,1638,3359,5075,6593,8609,3263,4930,6400,8343,2495,2252,4137,6250,8061,11107,4592,6945,8959,12346
s_compress_csam_q_1_m_1,1354,1399,2868,4333,5627,7350,2777,4194,5441,7095,2214,1978,3633,5490,7080,9755,4075,6164,7952,10957
s_compress_csam_q_1_m_2,1275,1320,2710,4091,5311,6938,2619,3954,5128,6686,2135,1902,3495,5281,6812,9384,3933,5950,7676,10575
s_compress_csam_q_2_m_0,1591,1638,3359,5075,6593,8609,3263,4930,6400,8343,2495,2252,4137,6250,8061,11107,4592,6945,8959,12346
s_compress_csam_q_2_m_1,1354,1399,2868,4333,5627,7350,2777,4194,5441,7095,2214,1978,3633,5490,7080,9755,4075,6164,7952,10957
s_compress_csam_q_2_m_2,1275,1320,2710,4091,5311,6938,2619,3954,5128,6686,2135,1902,3495,5281,6812,9384,3933,5950,7676,10575
t_compress_csam_q_0_m_0,727,816,1141,2626,3427,4465,1195,2723,2231,4671,1060,1625,3147,4770,3904,8465,3263,2875,6328,5216
t_compress_csam_q_0_m_1,867,839,1164,2651,3452,4505,1206,2747,2226,4690,1054,1673,3165,4847,6124,5358,3313,2930,6193,5136
t_compress_csam_q_0_m_2,873,841,1150,2667,3480,3620,1192,2781,2252,4600,1054,1684,3213,4648,5909,5033,3277,2941,6052,5091
t_compress_csam_q_1_m_0,619,592,743,1909,2417,1849,796,2017,1488,3256,819,1336,2408,3696,4594,3706,2561,2206,4845,3942
t_compress_csam_q_1_m_1,619,596,749,1879,2358,1840,802,1986,1519,3236,861,1342,2403,3658,4585,3661,2522,2199,4653,3923
t_compress_csam_q_1_m_2,623,598,755,1832,2371,1856,818,1940,1528,3227,839,1352,2429,3599,4488,3676,2529,2204,2836,3943
t_compress_csam_q_2_m_0,639,608,766,1851,2411,1875,824,1966,1489,3231,831,1336,2418,3574,2623,3612,2488,2221,3006,3902
t_compress_csam_q_2_m_1,641,606,775,1876,2375,1852,835,1969,1489,2262,842,1297,2395,3523,2606,3590,2504,2220,2763,3746
t_compress_csam_q_2_m_2,643,618,790,1877,2389,1870,838,1978,1495,1966,867,1315,2403,3501,2974,3431,2509,2229,2643,3741
m_compress_csam_q_0_m_0,1133080,736800,1035636,1301620,1592960,1961056,2137044,2890788,3722044,4769908,972760,777128,970852,1136544,1259312,1922616,1238556,1555800,1816376,2727828
m_compress_csam_q_0_m_1,1245720,736472,1035636,1301608,1581812,1946340,2137044,2894808,3722064,4815508,972760,831556,970720,1134992,1259208,1922700,1242968,1556484,1816400,2728320
m_compress_csam_q_0_m_2,1225728,731296,1035632,1301424,1583364,1946468,2137048,2894804,3722156,4818576,972756,831948,970744,1135020,1259244,1922760,1243092,1556488,1816452,2728400
m_compress_csam_q_1_m_0,1498356,995444,1292788,1564168,1847112,2228044,2400656,3203088,3934628,5007440,1234932,1094336,1234992,1401484,1522664,2192720,1505784,1823972,2079812,2992548
m_compress_csam_q_1_m_1,1512496,995332,1293540,1567480,1846388,2228988,2401484,3203188,3934092,5009204,1235112,1094364,1236400,1401620,1522268,2192532,1505732,1825100,2079400,2946044
m_compress_csam_q_1_m_2,1467308,995728,1297916,1566224,1846972,2202384,2371308,3203000,3952580,5085480,1234916,1094364,1234100,1401664,1522372,2189628,1507396,1822636,2079868,2994412
m_compress_csam_q_2_m_0,1500948,995448,1293644,1566612,1845688,2228128,2399824,3203196,3934208,5007416,1235104,1094364,1236884,1402424,1522588,2192604,1505784,1825280,2080016,2998520
m_compress_csam_q_2_m_1,1520504,995308,1294172,1565972,1846076,2228432,2400572,3203304,3934000,5007320,1235100,1094480,1235996,1402168,1522608,2193484,1505776,1823868,2081264,2997916
m_compress_csam_q_2_m_2,1510172,995656,1297280,1566220,1847576,2201384,2370048,3202860,3953224,5085436,1234916,1094480,1234576,1401968,1524728,2191440,1505724,1823272,2081672,2998624
s_decompress_abridge_save_all_quality_scores_save_exact_quality_scores_br,,,,,,,,,,,,,,,,,,,,
s_decompress_abridge_save_all_quality_scores_save_exact_quality_scores_7z,,,,,,,,,,,,,,,,,,,,
s_decompress_abridge_save_all_quality_scores_save_exact_quality_scores_zpaq,,,,,,,,,,,,,,,,,,,,
t_decompress_abridge_save_all_quality_scores_save_exact_quality_scores_br,160,73,149,184,270,362,363,781,1004,911,511,164,319,506,713,969,1307,2026,1986,2715
t_decompress_abridge_save_all_quality_scores_save_exact_quality_scores_7z,188,103,210,270,353,469,431,629,816,1075,747,221,406,615,791,1328,1266,1675,2189,3753
t_decompress_abridge_save_all_quality_scores_save_exact_quality_scores_zpaq,1406,1169,2414,3600,4944,6434,3234,4867,5767,8257,3540,2760,4922,7545,10943,12875,6091,8383,10548,14544
m_decompress_abridge_save_all_quality_scores_save_exact_quality_scores_br,3605964,4178596,6256548,7915368,9445868,11281480,5778784,7615236,9223840,11163560,10365308,9881340,15904656,22366360,27569816,35715480,17181940,25675068,32429096,43458644
m_decompress_abridge_save_all_quality_scores_save_exact_quality_scores_7z,3605940,4167668,6262156,7911860,9442320,11270256,5802928,7618848,9223064,11163088,10385188,9899048,15906588,22393744,27585432,35711424,17578272,25650664,32429036,43480600
m_decompress_abridge_save_all_quality_scores_save_exact_quality_scores_zpaq,3600084,4182876,6267728,7917468,9445896,11268804,5791628,7609228,9225756,11174928,10385880,9911992,15908736,22376652,4893456,4985332,17601816,5195612,5189964,5131224
s_decompress_abridge_save_all_quality_scores_save_approx_quality_scores_br,,,,,,,,,,,,,,,,,,,,
s_decompress_abridge_save_all_quality_scores_save_approx_quality_scores_7z,,,,,,,,,,,,,,,,,,,,
s_decompress_abridge_save_all_quality_scores_save_approx_quality_scores_zpaq,,,,,,,,,,,,,,,,,,,,
t_decompress_abridge_save_all_quality_scores_save_approx_quality_scores_br,248,80,165,202,289,352,530,816,1014,1984,522,203,372,586,723,1126,1288,1620,2685,2965
t_decompress_abridge_save_all_quality_scores_save_approx_quality_scores_7z,265,85,174,227,282,392,403,874,1560,1456,542,201,394,627,812,1399,1282,1692,2726,3178
t_decompress_abridge_save_all_quality_scores_save_approx_quality_scores_zpaq,671,300,593,863,1202,1456,1623,2292,3568,3910,1253,576,957,1532,1853,2701,1893,3535,4519,5198
m_decompress_abridge_save_all_quality_scores_save_approx_quality_scores_br,3598460,4182868,6269440,7917484,9447540,11266608,5800320,5255128,6275172,7500236,10388612,9912336,15924768,22380440,27605996,35726552,17241552,25685128,32470504,43499716
m_decompress_abridge_save_all_quality_scores_save_approx_quality_scores_7z,3605948,4182864,6260400,7904616,9447464,11281564,5797556,5257192,6278512,7499408,10378452,9911080,15923072,22379680,27589452,35735712,17590272,25668420,32470436,43422240
m_decompress_abridge_save_all_quality_scores_save_approx_quality_scores_zpaq,3600588,4167664,6270304,7902284,9442292,11272220,5801132,5261480,6289440,7503232,10396084,9910124,15929196,22398948,27601452,35743936,17601116,25686196,32472460,43516568
s_decompress_abridge_ignore_quality_scores_br,,,,,,,,,,,,,,,,,,,,
s_decompress_abridge_ignore_quality_scores_7z,,,,,,,,,,,,,,,,,,,,
s_decompress_abridge_ignore_quality_scores_zpaq,,,,,,,,,,,,,,,,,,,,
t_decompress_abridge_ignore_quality_scores_br,235,56,113,146,182,271,338,729,625,834,472,134,258,385,507,680,1248,1380,2425,2477
t_decompress_abridge_ignore_quality_scores_7z,248,62,124,167,225,292,515,522,991,1294,677,140,277,409,556,745,1049,1454,2479,2519
t_decompress_abridge_ignore_quality_scores_zpaq,634,254,499,718,1023,1314,1552,2245,2544,3889,1131,495,881,1213,1559,2432,2113,2507,3225,4636
m_decompress_abridge_ignore_quality_scores_br,1529552,1887648,1886264,1886164,1893152,1902112,1769928,2004172,2189444,2419384,1370384,1904448,1903792,1908228,1905172,1907100,1434228,1472584,1553596,1615396
m_decompress_abridge_ignore_quality_scores_7z,1531672,1896300,1886220,1888048,1888860,1886816,1767916,2007960,2198284,2418120,1377172,1881940,1896964,1899316,1910052,1906728,1415804,1486100,1555292,1614396
m_decompress_abridge_ignore_quality_scores_zpaq,1522832,1898500,1886416,1889956,1890260,1900040,1767980,2010376,2197176,2417912,1380756,1893176,1899304,1908348,1906216,1911344,1432900,1487788,1549084,1627656
s_decompress_abridge_ignore_soft_clippings_ignore_mismatches_ignore_quality_scores_br,,,,,,,,,,,,,,,,,,,,
s_decompress_abridge_ignore_soft_clippings_ignore_mismatches_ignore_quality_scores_7z,,,,,,,,,,,,,,,,,,,,
s_decompress_abridge_ignore_soft_clippings_ignore_mismatches_ignore_quality_scores_zpaq,,,,,,,,,,,,,,,,,,,,
t_decompress_abridge_ignore_soft_clippings_ignore_mismatches_ignore_quality_scores_br,220,57,97,129,180,229,457,676,872,762,428,115,231,339,442,727,938,1275,2278,2334
t_decompress_abridge_ignore_soft_clippings_ignore_mismatches_ignore_quality_scores_7z,230,52,109,130,186,225,336,712,609,826,437,121,238,362,463,632,1201,1340,1677,2398
t_decompress_abridge_ignore_soft_clippings_ignore_mismatches_ignore_quality_scores_zpaq,603,216,457,642,842,1030,1469,1792,2356,3645,814,396,768,1054,1433,2029,1942,2928,3758,4107
m_decompress_abridge_ignore_soft_clippings_ignore_mismatches_ignore_quality_scores_br,1513624,1878044,1884852,1886628,1892496,1880040,1735516,1953248,2133076,2344588,1350824,1888364,1882700,1896932,1882488,1899212,1389152,1423600,1475700,1498968
"""m_decompress_abridge_ignore_soft_clippings_ignore_mismatches_ignore_quality_scores_7z		""",,,,,,,,,,,,,,,,,,,,
m_decompress_abridge_ignore_soft_clippings_ignore_mismatches_ignore_quality_scores_zpaq,1504024,1881524,1885060,1883840,1882844,1880452,1731988,1949400,2133288,2344880,1357504,1898228,1893508,1902300,1906168,1903480,1386160,1428016,1472156,1529172
s_decompress_abridge_ignore_soft_clippings_ignore_mismatches_ignore_quality_scores_ignore_unmapped_reads_br,,,,,,,,,,,,,,,,,,,,
s_decompress_abridge_ignore_soft_clippings_ignore_mismatches_ignore_quality_scores_ignore_unmapped_reads_7z,,,,,,,,,,,,,,,,,,,,
s_decompress_abridge_ignore_soft_clippings_ignore_mismatches_ignore_quality_scores_ignore_unmapped_reads_zpaq,,,,,,,,,,,,,,,,,,,,
t_decompress_abridge_ignore_soft_clippings_ignore_mismatches_ignore_quality_scores_ignore_unmapped_reads_br,195,45,89,109,160,206,263,603,774,998,418,124,220,338,419,577,1157,1257,1590,2318
t_decompress_abridge_ignore_soft_clippings_ignore_mismatches_ignore_quality_scores_ignore_unmapped_reads_7z,199,45,92,113,148,193,410,396,514,1024,426,128,232,364,459,709,875,1267,1638,2278
t_decompress_abridge_ignore_soft_clippings_ignore_mismatches_ignore_quality_scores_ignore_unmapped_reads_zpaq,198,80,163,232,296,327,556,823,744,971,661,317,556,889,1034,1476,1273,1861,3157,4234
m_decompress_abridge_ignore_soft_clippings_ignore_mismatches_ignore_quality_scores_ignore_unmapped_reads_br,1504060,1890968,1884456,1892784,1879344,1882580,1735372,1951304,2123720,2338016,1344732,1901700,1887856,1877848,1883748,1902428,1386216,1410432,1444968,1510124
m_decompress_abridge_ignore_soft_clippings_ignore_mismatches_ignore_quality_scores_ignore_unmapped_reads_7z,1515580,1879072,1878500,1878480,1892768,1886268,1730900,1954992,2124188,2337448,1336416,1897500,1894808,1897092,1879468,1883252,1368000,1425352,1450384,1519200
m_decompress_abridge_ignore_soft_clippings_ignore_mismatches_ignore_quality_scores_ignore_unmapped_reads_zpaq,1515292,1886104,1878084,1887252,1886396,1881732,1735452,1949376,2128380,2342612,1350804,1888776,1891260,1902808,1902160,1908200,1393836,1434472,1473912,1588696
s_decompress_deez_lossy_0_mode_1,,,,,,,,,,,,,,,,,,,,
s_decompress_deez_lossy_0_mode_2,,,,,,,,,,,,,,,,,,,,
s_decompress_deez_lossy_50_mode_1,,,,,,,,,,,,,,,,,,,,
s_decompress_deez_lossy_50_mode_2,,,,,,,,,,,,,,,,,,,,
s_decompress_deez_lossy_99_mode_1,,,,,,,,,,,,,,,,,,,,
s_decompress_deez_lossy_99_mode_2,,,,,,,,,,,,,,,,,,,,
t_decompress_deez_lossy_0_mode_1,330,374,811,1249,1678,2128,895,1292,1736,2290,908,960,1762,2678,3567,5159,2051,2882,3783,5068
t_decompress_deez_lossy_0_mode_2,332,353,785,1206,1527,2110,854,1247,1598,2162,895,919,1700,2615,3488,5075,1891,2826,3730,4963
t_decompress_deez_lossy_50_mode_1,362,383,825,1245,1633,2228,880,1301,1708,2246,921,944,1757,2721,3616,5391,1941,2825,3788,5158
t_decompress_deez_lossy_50_mode_2,340,361,768,1176,1367,2072,829,1233,1627,2132,915,913,1689,2546,3541,5126,1863,2771,3682,4944
t_decompress_deez_lossy_99_mode_1,342,369,801,1204,1607,2071,824,1090,1650,2196,975,947,1777,2686,3621,5464,1961,2804,3809,5158
t_decompress_deez_lossy_99_mode_2,326,369,757,1140,1509,2052,786,1232,1579,2159,929,861,1690,2190,3463,5014,1889,2711,3698,4885
m_decompress_deez_lossy_0_mode_1,2721264,3178312,3203192,3177036,3184876,3224136,3143612,3179052,3173656,3187560,3138724,3152376,3168372,3169256,3212968,3170776,3150540,3149712,3174464,3175656
m_decompress_deez_lossy_0_mode_2,2721264,2761868,2800864,2787120,2801208,2863988,2737100,2783864,2791176,2815336,2736256,2750680,2785908,2814400,2879868,2873720,2770916,2794996,2842944,2879720
m_decompress_deez_lossy_50_mode_1,3138380,3179152,3203324,3175996,3186156,3225160,3142380,3179048,3174936,3187560,3138724,3157564,3164740,3167944,3211400,3168820,3148592,3149708,3174652,3174224
m_decompress_deez_lossy_50_mode_2,2721264,2762900,2800952,2786364,2804692,2864628,2737120,2784188,2789708,2815336,2737960,2750008,2785680,2815108,2879136,2871928,2769584,2794044,2842952,2878260
m_decompress_deez_lossy_99_mode_1,3138380,3178924,3202772,3175852,3185656,3224548,3143908,3179224,3174376,3192484,3140680,3151528,3167824,3167380,3211180,3168828,3150692,3147756,3173688,3173544
m_decompress_deez_lossy_99_mode_2,2721264,2763672,2800140,2786516,2808064,2863164,2737276,2784188,2788900,2819776,2736772,2757360,2788308,2815892,2880028,2873300,2769180,2794632,2842948,2879704
s_decompress_samcomp,,,,,,,,,,,,,,,,,,,,
t_decompress_samcomp,179,190,401,605,775,1032,410,630,822,1056,427,429,707,1284,1632,2382,857,1231,1562,2172
m_decompress_samcomp,476024,476020,476020,476024,476016,476020,476024,476016,475792,475808,476024,476024,476028,476032,475792,476016,476020,476020,476020,475788
s_decompress_genozip_optimize__compression_best,,,,,,,,,,,,,,,,,,,,
s_decompress_genozip_optimize__compression_fast,,,,,,,,,,,,,,,,,,,,
s_decompress_genozip_optimize_optimize_compression_best,,,,,,,,,,,,,,,,,,,,
s_decompress_genozip_optimize_optimize_compression_fast,,,,,,,,,,,,,,,,,,,,
t_decompress_genozip_optimize__compression_best,831,923,1279,1639,3844,5023,1224,1641,2398,3095,3334,1916,3706,4718,5954,8148,6156,5565,6012,8228
t_decompress_genozip_optimize__compression_fast,673,471,1543,1611,3043,4011,1059,1307,3130,2522,1289,879,1819,2324,3360,3772,2571,2279,3260,3853
t_decompress_genozip_optimize_optimize_compression_best,592,640,1149,2915,2544,2795,1937,1844,3756,3277,3259,1920,3554,5615,6011,7994,3641,5255,6164,8202
t_decompress_genozip_optimize_optimize_compression_fast,480,476,1592,2333,2091,2803,1003,1585,2097,2653,820,1253,1814,2427,3340,3876,1488,3822,5084,4349
m_decompress_genozip_optimize__compression_best,1389372,1952448,3751776,4152300,4017236,4151896,1577384,2372188,2005356,2133716,1879124,3854928,5100792,6280860,6431852,7020852,2720836,3760784,3989440,5041996
m_decompress_genozip_optimize__compression_fast,920728,1850052,2928204,3588868,3624016,3820020,1161992,1438996,1577872,1890028,1778536,2627920,4820480,5268428,5272836,6920956,2360788,3188460,4101852,4567416
m_decompress_genozip_optimize_optimize_compression_best,1331024,2018704,3809676,3989900,4028032,4367956,1705136,2172932,1957312,2178420,1989844,3809772,5148956,5251968,6422612,7027768,2735168,3687216,3976152,5060580
m_decompress_genozip_optimize_optimize_compression_fast,877200,1826128,2928100,3537900,3698356,3917784,1133116,1290412,1578640,1987568,1799616,2572500,4811496,5271744,5269420,6915656,2423648,3161520,3994912,4513332
s_decompress_csam_q_0_m_0,,,,,,,,,,,,,,,,,,,,
s_decompress_csam_q_0_m_1,,,,,,,,,,,,,,,,,,,,
s_decompress_csam_q_0_m_2,,,,,,,,,,,,,,,,,,,,
s_decompress_csam_q_1_m_0,,,,,,,,,,,,,,,,,,,,
s_decompress_csam_q_1_m_1,,,,,,,,,,,,,,,,,,,,
s_decompress_csam_q_1_m_2,,,,,,,,,,,,,,,,,,,,
s_decompress_csam_q_2_m_0,,,,,,,,,,,,,,,,,,,,
s_decompress_csam_q_2_m_1,,,,,,,,,,,,,,,,,,,,
s_decompress_csam_q_2_m_2,,,,,,,,,,,,,,,,,,,,
t_decompress_csam_q_0_m_0,104,119,251,373,480,626,213,317,444,555,273,272,509,805,973,1354,573,839,1061,1542
t_decompress_csam_q_0_m_1,103,129,249,369,493,616,221,307,415,550,286,275,524,830,1054,1435,533,835,1054,1525
t_decompress_csam_q_0_m_2,106,119,244,369,489,629,216,331,433,551,289,279,531,834,1073,1436,541,863,1099,1549
t_decompress_csam_q_1_m_0,103,117,247,361,471,650,206,319,405,512,266,259,505,744,1007,1321,505,782,1024,1313
t_decompress_csam_q_1_m_1,102,116,238,360,468,649,202,315,395,530,267,260,490,729,948,1306,502,763,987,1354
t_decompress_csam_q_1_m_2,100,116,243,379,480,613,216,316,409,563,264,253,484,726,938,1240,499,751,1022,1349
t_decompress_csam_q_2_m_0,101,117,242,368,495,607,212,315,413,569,265,249,458,728,956,1350,475,725,985,1374
t_decompress_csam_q_2_m_1,102,116,242,367,496,601,208,303,408,525,255,251,473,751,961,1308,497,788,934,1364
t_decompress_csam_q_2_m_2,101,115,238,361,489,617,205,317,416,528,262,241,472,722,941,1288,501,750,1021,1355
m_decompress_csam_q_0_m_0,1145240,1184664,1323028,1408204,1589520,1848084,1316192,1324156,1325264,1472896,1291636,1286664,1327036,1435856,1625036,1934648,1328144,1449656,1642752,1960712
m_decompress_csam_q_0_m_1,1146280,1184340,1322764,1408176,1591568,1848164,1316168,1324236,1325804,1473144,1291104,1286148,1326272,1434380,1627088,1936648,1327092,1449552,1642800,1960708
m_decompress_csam_q_0_m_2,1145712,1183916,1322668,1407164,1589520,1850180,1315756,1323916,1325496,1471740,1291468,1286712,1327404,1436092,1624992,1934596,1326732,1449764,1642752,1959084
m_decompress_csam_q_1_m_0,1671604,1937304,3439448,4902932,6308264,8119312,3100704,4260116,5104900,6592784,2211920,2262884,3838924,5603972,6937028,9486828,3768756,5644312,7147936,9496284
m_decompress_csam_q_1_m_1,1646456,1692360,2915924,4114440,5259676,6808576,2576664,3473668,4318456,5546240,1947724,2000736,3314632,4822344,5914012,7915988,3372228,4857820,6099340,8185620
m_decompress_csam_q_1_m_2,1411504,1611284,2653776,3852288,4997528,6284332,2314520,3473672,4058368,5281996,1906148,1929192,3242496,4560144,5651864,7651792,3228636,4595668,5835564,7663300
m_decompress_csam_q_2_m_0,1671604,1939344,3439452,4902928,6308264,8121412,3103008,4260056,5106948,6592740,2209876,2262884,3838924,5603896,6937028,9486348,3768752,5644308,7147932,9496384
m_decompress_csam_q_2_m_1,1646460,1692356,2915924,4116484,5259680,6808624,2576660,3475712,4318460,5546240,1947724,2002780,3316684,4822292,5914016,7915988,3374372,4856172,6099388,8187596
m_decompress_csam_q_2_m_2,1409452,1611288,2653776,3852296,4997528,6284328,2314516,3473668,4056308,5282040,1908124,1929188,3242500,4560148,5651864,7653840,3226588,4595676,5837200,7661244
s_abridge_random_access,,,,,,,,,,,,,,,,,,,,
t_abridge_random_access,53,47,90,131,167,214,100,144,186,239,76,68,119,179,228,312,134,203,262,356
m_abridge_random_access,10945740,11118632,12787064,13581920,14390564,15416944,10973376,10995184,11019336,11022668,11049436,11048608,11154712,12140640,12526548,13146620,11153380,12136700,12525832,13148600
s_csam_random_access,,,,,,,,,,,,,,,,,,,,
t_csam_random_access,1,1,1,2,1,2,4,2,3,6,1,2,1,6,24,3,36,5,2,6
m_csam_random_access,13032,13840,18108,20488,26436,27148,19396,20156,21952,28628,31712,32732,52124,57456,94144,101104,52632,57728,93996,103332
s_deez_random_access,,,,,,,,,,,,,,,,,,,,
t_deez_random_access,432,435,919,1421,1884,2476,941,1438,1819,2374,1688,1733,2836,3840,4695,5964,2706,3699,4459,5846
m_deez_random_access,3138380,3177928,3202820,3175312,3184180,3222484,3141576,3176932,3174200,3187736,3139524,3152768,3126852,3149016,3171076,3169440,3149140,3149256,3170952,3172560
s_genozip_random_access,,,,,,,,,,,,,,,,,,,,
t_genozip_random_access,2,2,7,9,9,9,2,3,4,5,2,5,34,36,41,42,8,13,16,21
m_genozip_random_access,137556,136228,734712,782188,795108,830400,186744,222256,265556,308400,280684,301228,1279304,1412824,1447884,1615800,496372,702932,850852,1101556
s_bam_random_access,,,,,,,,,,,,,,,,,,,,
t_bam_random_access,0,0,0,0,0,0,0,0,0,0,0,0,0,0,0,0,0,0,0,0
m_bam_random_access,1240,1240,1240,1240,1240,1240,1240,1240,1240,1240,1240,1240,1240,1240,1240,1240,1240,1240,1240,1240
s_cram_random_access,,,,,,,,,,,,,,,,,,,,
t_cram_random_access,0,0,0,0,0,0,0,0,0,0,0,0,0,0,0,0,0,0,0,0
m_cram_random_access,1320,1320,1320,1320,1320,1320,1320,1320,1320,1320,1320,1320,1320,1320,1320,1320,1320,1320,1320,1320
m_decompress_abridge_ignore_soft_clippings_ignore_mismatches_ignore_quality_scores_7z,1504288,1892168,1878640,1893328,1881020,1880312,1733116,1951316,2127876,2334580,1344064,1887336,1904344,1878672,1895172,1904444,1387944,1422020,1464496,1504952
